author,title,chapter
"Ranke, Leopold von",Frankreich und Deutschland,
"Ranke, Leopold von",Die großen Mächte,"Rankes Aufsatz »Die großen Mächte«, der zu den Kleinodien unsrer Nationalliteratur gehört, erschien im Jahre 1833 und eröffnete den zweiten Band der von ihm herausgegebenen »Historisch-politischen Zeitschrift«. Er trat mit dieser Zeitschrift aus der Stille der Forschung, in der er bisher gelebt hatte, auf den Kampfesboden der politischen Parteien in Preußen und Deutschland, nicht um sich einem der beiden miteinander ringenden Heerlager anzuschließen, sondern um beiden einen höhern Punkt zu zeigen, von dem aus die beanspruchte Allgemeingültigkeit und dogmatische Sicherheit der hüben und drüben aufgestellten Parteiideale verblassen mußten und viel größere und lebendigere Erscheinungen dem Blicke aufstiegen. Hie Autorität, hie Volkssouveränität, so war nach der Julirevolution der Gegensatz der Meinungen. Alles politische Leben sollte darin aufgehen, sei es den von Gott gewollten, sei es den vom Volke gewollten Staat zu verwirklichen. Im letzten Grunde kämpften dabei die alten und die neuen Schichten der Gesellschaft um die Macht im Staate. Aber sie führten diesen realen Kampf mit einer Ideologie, die das Wesen des Staates selbst gefährdete, schon weil sie den innersozialen Gegensätzen eine politische Schärfe und geistige Unduldsamkeit gaben, die ihr Zusammenwirken im Dienste des Ganzen unmöglich machten. »Die Extreme geben den Ton an« schrieb Ranke in dem Plane für die neue Zeitschrift, »das eine vielstimmiger als jemals: trotzig auf die Siege, die es erfochten hat, und auf den Beifall der großen Menge, das andre zwar in heftiger, aber unleugbar schwacher und nur immer aufreizender Opposition. Es sind zwei Schulen, die sich bekämpfen: weit und breit, in mancherlei
Die Rankeschen Lehren sind in Deutschland reicher aufgegangen als in andern Ländern. Man fühlt das dort wohl, aber man macht uns daraus den Vorwurf, daß wir uns einem naturalistischen Kultus der Macht ergeben und die frühere deutsche Geistigkeit eingebüßt hätten. Rankes Aufsatz beleuchtet das wahre Verhältnis der beiden großen, durch die Namen Goethe und Bismarck bezeichneten Epochen unsres modernen Nationallebens und ist ihr organisches Bindeglied. Er zeigt, daß im Völkerleben geistige Werte nicht ohne Machtwerte und dauerhafte Machtwerte nicht ohne geistige Werte erzeugt werden und, um mit ihm zu sprechen, beide »auf das genaueste zusammengehören«. Die Machtpolitik der einzelnen Staaten erscheint in dieser Skizze wie überglänzt von den geistigen Kräften der Nationen.
Ranke gibt in ihr wie überhaupt in seinen Darstellungen der auswärtigen Politik den breitesten Raum. Dabei kommen neben den politischen Momenten die literarischen stärker zum Ausdruck als die wirtschaftlichen und sozialen, die uns heute unentbehrlich scheinen zum vollen Verständnis der Staats- und Nationalentwicklungen. Aber Geschichtschreibung im höhern Sinne ist nun einmal individuelles Bedürfnis und individuelle Kunst. Ebensowenig wie es Normalstaaten gibt, gibt es eine normale Behandlung der Geschichte. Ebenso wie der wirkliche Staat, muß die Geschichtschreibung auf besondern, einheitlichen und fruchtbaren Prinzipien beruhen, muß aber auch dabei wie dieser die Gesamtheit aller Lebensgebiete vor Augen haben. Sie ist, wie der Staat, Individualität, die nach Totalität strebt, aber in
Es ist hier nicht der Ort, die ideengeschichtliche Genesis der Rankeschen Lehren von der Individualität der Staatspersönlichkeiten und dem Primate der auswärtigen Politik zu zeigen. Man müßte dafür zurückgreifen auf die Romantik, auf Wilhelm von Humboldt und Herder. Unter den Romantikern kommt, wie ich an andrer Stelle gezeigt habe, namentlich Adam Müller als Vorläufer Rankes in Betracht. Insgesamt war diese Entwicklung und Vertiefung der Geschichtsauffassung von Herder zu Ranke hin eine der größten Leistungen des deutschen wissenschaftlichen Geistes. Sie war nicht denkbar ohne das Erwachen der Nationen, ohne die Idee der Nationalität und das neue Licht, das diese Idee auf alle individuellen Erscheinungen im geschichtlichen Leben warf. Tiefer und origineller als irgendwo ist in Deutschland die Nationalität als große
Es steckt unglaublich viel in diesem Aufsatze. Ranke schrieb ihn auf der Jugendhöhe seiner Kraft, reich an schon gewonnener universalhistorischer Anschauung, reicher noch an Ahnungen und Entwürfen für künftige Studien. Alle seine spätern großen Werke, voran die preußische, französische und
Doch wir wollen hier nur erste Andeutungen zum Verständnis Rankes und seiner »Großen Mächte« geben. Im freundlichen Gewande der Inselbücherei, die schon so manche Perlen unsrer Literatur umschließt, werden die »Großen Mächte« hoffentlich Gemeingut aller derer werden, die es mit historisch-politischem Denken ernst nehmen und es nicht nur stofflich bereichern, sondern schulen und verfeinern wollen. Möchten sie auch den historisch-politischen Geschmack überhaupt heben, der heute bei uns nicht auf der Höhe der weltgeschichtlichen Entscheidungen unsrer Tage steht.
Einige Literaturangaben zur Kommentierung der »Großen Mächte« werden vielleicht erwünscht sein. Varrentrapp hat in der Historischen Zeitschrift Bd. 99 (1907) gelehrt und stoffreich über Rankes Historisch-politische Zeitschrift und ihr feudalkonservatives Gegenstück, das Berliner Politische Wochenblatt, gehandelt. Max Lenz ln seinem Büchlein »Die großen Mächte. Ein Rückblick auf unser Jahrhundert« (1900) geht von einer eingehenden Würdigung des Rankeschen Aufsatzes aus, um dann kühn und geistvoll den Versuch Rankes, europäische Geschichte aus der Vogelperspektive zu sehen, für das 19. Jahrhundert fortzusetzen. Die Bedeutung der »Großen Mächte« und der verwandten Aufsätze Rankes für die Geschichte des Nationalstaatsgedankens habe ich in meinem Buche »Weltbürgertum und Nationalstaat« (3. Aufl. 1915) zu zeigen versucht. Wer Rankes Persönlichkeit und geistige Entwicklung kennen lernen will,
Ein Wort von Novalis – auch einem der Denker, die der Rankeschen Geschichtsauffassung vorgearbeitet haben – mag diese Einführung beschließen: »Was bildet den Menschen, als seine Lebensgeschichte? Und so bildet den
Berlin, im August 1916.
Friedrich Meinecke
"
"Ranke, Leopold von",Aus Zwei Jahrtausenden Deutscher Geschichte,"
"
"Ingram, John Kells",Geschichte der Sklaverei und Hörigkeit,"Dresden und Leipzig.
Verlag von Carl Reißner.
1895.
Rechtmäßige deutsche Bearbeitung von Leopold Katscher.
John Kells Ingram,

"
"Grube, August Wilhelm",Charakterbilder aus der Geschichte und Sage. Dritter Theil: Die neue Zeit,"
1. Johann Gutenberg.

1.
Daß wir heutzutage für wenig Geld gute Bücher kaufen und lesen können, das verdanken wir, nächst Gott, der jeden heilsamen Gedanken in dem Geiste der Menschen erweckt, einem Deutschen, einem Mainzer, der Johannes Gutenberg, oder genauer Johannes Gensfleisch zum Gutenberg hieß und in dem Hofe »zum Gensfleisch« in Mainz im Jahr 1397 geboren wurde. Sein Vater hieß Frielo oder Friedrich Gensfleisch und seine Mutter Else oder Elisabeth zum Gutenberg. Da mit ihr die Familie zum Gutenberg ausstarb, so nahm ihr Mann ihren Geschlechtsnamen zu dem seinigen, wie das in jener Zeit häufig vorkam. Das Geschlecht der Gensfleische und Gutenberge war ein edles und angesehenes in der Stadt Mainz. Zwischen diesen reichen und edeln Familien und denen der Zünfte und übrigen Bürger bestand ein alter Haß, weil die edeln Geschlechter meist die Herrschaft besaßen und oft und vielfach die Bürger unterdrückt hatten. Da gab's denn immer Neid und Hader. So auch in Mainz im Jahr 1420. Der Aufruhr der Bürger nöthigte die edeln Familien, die auch Altbürger genannt wurden, aus der Stadt zu flüchten. Die Gensfleische flüchteten nach Straßburg, blieben aber dort wohnen, als der Friede hergestellt war und die Altbürger zurückkehren durften. Die Jugend des Johannes Gutenberg, so wie die Orte und Gelegenheiten, wo er seine vielfachen Kenntnisse sich erwarb, sind völlig unbekannt; das aber ist gewiß, daß er in den Jahren 1436 bis 1438 in Straßburg mit mehreren Männern in Verbindung trat, um Spiegel zu machen, Steine zu schleifen, aber auch vermittelst einer von ihm erfundenen Presse
Man sollte denken, man wäre schon weit früher darauf gekommen, Bücher zu drucken, da man Heiligenbilder, mit Reimen und Sprüchen dabei, druckte. Das geschah aber so: In eine Tafel von Birnbaumholz wurde das Bild ausgeschnitten und die Sprüchlein auch, so daß das, was auf das Papier gedruckt werden sollte, hoch war, das Andere vertieft und weggeschnitten wurde. Dies Hohe wurde nun mit Schwärze oder Farbe bestrichen und vermittelst eines Reibers auf das Papier gedruckt.
Von dieser Art, ein Bild und dazu auch Worte zu vervielfältigen, zum Bücherdrucke war kein weiter Weg, und doch kam Niemand auf den Gedanken, als Gutenberg. Er schnitt nun zuerst Holztafeln voll Worte, die erhaben standen, und bestrich diese mit Schwärze; allein da mußte er eben so viel Tafeln schneiden, als er Blattseiten haben wollte, und mit dem Abdrucken durch den Reiber ging's eben auch nicht; der Druck wurde nicht überall gleich. So kam er denn auf den Gedanken, eine Presse zu bauen, durch die man den gleichmäßigen Druck machen könnte. Da er selbst kein Geld hatte, so mußte er mit fremdem Geld arbeiten und das bereitete ihm Prozesse und Ungemach. Endlich ging ihm beim Nachsinnen über die Sache ein Licht auf. Er dachte: Wenn du die einzelnen Buchstaben aus der Holztafel herausschnittest, so könntest du sie zusammensetzen, wie du wolltest, und könntest daraus immer neue Worte bilden. Gedacht, gethan! Jetzt hatte er bewegliche Buchstaben und konnte weit mehr leisten, als früher; denn die in der Holztafel geschnittenen Worte blieben natürlich immer dieselben; nun aber, da sie beweglich waren, konnte er viel mehr ausrichten. Wir wollen uns das durch ein Beispiel klar machen. Hatte er die losen Buchstaben: A, B, E, N, D, so konnte er daraus bilden die Worte: Abend, Ab, End, Bad, Baden, Band, Den etc., wenn er nämlich die Buchstaben versetzte und anders zusammenfügte; hatte er sie aber in der Holztafel fest eingeschnitten, so konnte er damit nur das eine Wort Abend drucken. Da seht ihr, was das für ein großer Fortschritt war! Dennoch fand Gutenberg bald, daß sich die Holzbuchstaben leicht abnutzten, also unsauber druckten, nicht lange hielten und daß es doch eine entsetzliche Mühe und Zeitaufwand verursachte, so viele A B C aus Holz zu schneiden, als zu einem größern Buche, besonders aber zu einer Bibel nöthig waren. So sann er denn darauf, Buchstaben aus Metall, Blei, Zinn oder Kupfer zu machen. Ehe er jedoch dies ausführte, verließ er Straßburg und ging nach Mainz. Hier hatte er mit einem reichen Mainzer Bürger, Namens Fust, einen Vertrag geschlossen, in der Art, daß er eine Druckerei in Mainz anlegen, das Druckgeräthe vervollständigen wolle, wozu Fust das Geld vorschießen sollte. Der Gewinn
Hätte es der ehrliche Gutenberg mit einem ehrlichen Manne zu thun gehabt, so hätte aus dieser Verbindung endlich der Lohn für all' sein Mühen, Denken und Ringen hervorgehen können; allein Fust war ein Pfiffikus, dem Geld und Geldgewinn über Alles ging, der in Gutenberg nur einen Mann erblickte, den er wohl gebrauchen könne.
Während Fust nur Geldgewinn suchte, strebte Gutenberg eine Kunst zu finden, die aller Welt die Thore des Erkennens öffnete. So kam er denn auch in Mainz auf den Gedanken, statt der hölzernen Buchstaben metallene zu gießen. Dabei war auch der neue Vortheil, daß diese Buchstaben regelmäßiger, gleich groß und doch viel kleiner und feiner gemacht werden konnten, als die hölzernen. Das war ein neuer und großer Fortschritt in der wunderbaren und herrlichen Kunst, die der Welt so unbegreiflich viel nützen sollte. Dies bewerkstelligte er so: Ueber sauber aus Messing geschnittene Buchstaben goß er Blei. Hierdurch erhielt er die vertieften Formen, in denen er nun zinnerne und erzene Buchstaben goß. Erwägt man, daß er so in einem Tage viel Hunderte von A B C gießen konnte, während auf die früheren Holzbuchstaben außerordentlich viele Zeit mußte verwendet werden, so ergiebt sich abermals ein bedeutender Fortschritt.

2.
Es ist ein herrliches Zeugniß für Gutenberg, daß er nun sogleich daran ging, eine Bibel zu drucken. Dem Worte Gottes sollte zuerst die neue Kunst dienstbar werden und hier zeigte sich ein frommes, dankbares Gemüth, das die von Gott geschenkte Einsicht auch sogleich zur Ehre Gottes anwenden wollte. Er begann den Druck im Jahre 1452 und im Jahr 1455 war er vollendet; aber dies Werk hatte ungeheure Kosten verursacht und die lange Zeit seiner Dauer legt auch dafür Zeugniß ab, wie unvollkommen noch die Einrichtung der Druckerei und wie wenig geübt die Drucker in der neuen Kunst waren.
Um diese Zeit war auch Peter Schöffer aus Gernsheim in die Verbindung mit Gutenberg und Fust getreten. Schöffer war ein sehr geschickter Mann, der besonders die Schönheit der Buchstaben hervorbrachte, weil er sehr schön schrieb, aber auch ein besseres Verfahren zur Herstellung noch dauerhafterer Buchstaben ersann. Fust erkannte die Brauchbarkeit Schöffer's, und da er den falschen Gedanken schon mit sich herumtrug, sich von Gutenberg zu trennen und die Vortheile des Druckens allein für sich zu gewinnen, so suchte er den Schöffer sich recht anzuketten und gab ihm endlich sogar seine Tochter zum Weibe.
Jetzt, wo Gutenberg nach vielen Mühen und Opfern und nach langem Sinnen am Ziele war, jetzt sollte den wackern Mann der härteste Schlag treffen. Fust, ein habgieriger und falscher Mensch, verlangte plötzlich von
Gutenberg war ein gutmüthiger, stiller Mann, der sich nur mit seinen Wissenschaften abgab, in Welthändeln aber nur geringe Erfahrung hatte. Darauf baute auch der falsche Fust und hing dem armen Gutenberg, der nicht bezahlen konnte, einen Prozeß an, in dem er noch allerlei Schleichwege ging und Lügen vorbrachte. Durch seinen Reichthum und sein Ansehen drehte er die leider oft wächserne Nase des Rechts zu seinem Vortheil und gewann gegen alles Recht den Prozeß. Da der arme Gutenberg nicht bezahlen konnte, so sprach überdies das erkaufte Gericht dem Fust die ganze Druckerei als Eigenthum zum Ersatze seiner Forderungen zu.
Das geschah im November 1455. Denkt man sich in die Lage des armen Gutenberg, so blutet einem das Herz. Alle Frucht seiner Mühen, der Preis seines Lebens und Strebens war ihm auf eine nichtswürdige, schändliche Weise entrissen von dem Manne, den er arglos und voll Vertrauen in seine Kunst eingeweiht hatte. Es war im Anfang eines rauhen Winters. Ohne Brod, ohne Hülfsmittel und Geld, ohne Unterstützung und Recht, – was sollte er in Mainz anfangen? Noch einige Zeit weilte er daselbst, niedergebeugt und gedrückt; dann nahm der Mann, dem die Welt die höhere Einsicht, die Mittel des Erkennens danken sollte, den Wanderstab und verließ seine Vaterstadt zum zweiten Mal, bettelarm und hülflos und, was noch mehr ist – betrogen um seinen Glauben an die Ehrlichkeit der Menschen!
Und wohin wandert der treffliche und doch so arme Mann? Wieder nach Straßburg zieht er hin, wo er auch schon so bittere Erfahrungen gemacht hatte. Dort hoffte er eine Druckerei errichten zu können und wieder einen ehrlichen Lebensunterhalt sich zu gründen. Mit dieser Hoffnung, die den gebeugten Mann noch aufrecht hielt, kam er nach Straßburg. Er bot Alles auf, reiche, ihm bekannte Leute dazu zu bewegen, die nöthigen Geldmittel herbeizuschaffen, um den Plan, den er in der Seele trug, auszuführen; aber Alles blieb erfolglos und die Noth kam mit Macht über ihn, während Fust und Schöffer ernteten, was er gesäet hatte. Recht verrätherisch schlau hatten Beide die Erfindung Schöffer's, schönere und dauerhaftere Buchstaben zu verfertigen, vor ihm geheim gehalten und übten sie jetzt aus, als sie ihn auf die Seite geschoben hatten. Sie druckten einen prächtigen Psalter, der noch heute ein Prachtstück der Buchdruckerkunst ist, und wurden steinreich, während der edle Gutenberg, der Erfinder der Kunst, dem sie Alles verdankten, darbte und kaum einen Ort hatte, wo er sein kummervolles Haupt niederlegen sollte.

3.
Als in Straßburg alle Hoffnung verschwand und der arme Mann am Rande der Verzweiflung stand, schien ihm noch einmal ein Glücksstern aufzugehen. Er kam in Verbindung mit dem Syndikus Dr. Conrad Humery in Mainz und dieser, ein reicher Mann, ließ sich bereit finden, die Geldmittel
Tief schmerzte es ihn, den Erfinder, der seine Kunst als Geheimniß bewahrt hatte, damit es ihm den Vortheil abwerfe, den er mit Fug und Recht in Anspruch nehmen konnte und dessen er doch auch in seiner bedrängten Lage so sehr bedurfte – tief schmerzte es ihn, daß sein Geheimniß nun verrathen war; denn als er mit Fust und Schöffer in Streit gerieth und sich endlich von ihnen trennen mußte, da lag, während des Prozesses, das Geschäft stille. Die vielen Gehülfen, welche sie angenommen und die durch einen Eidschwur sich hatten verpflichten müssen, das Geheimniß ihrer Kunst nicht zu verrathen, waren nun ohne Verdienst. Sie wanderten aus und hielten sich, da das Geschäft aufgehört hatte, ihres Eides entbunden. Sie gründeten in andern Städten Druckereien; so in Straßburg, Frankfurt a. M., Bamberg, aus denen nun bald Druckschriften hervorgingen. Zu diesem Unglück für Gutenberg kam nun bald noch ein anderes, das in noch weit größerem Maße die Kunst, Bücher zu drucken, in der Welt verbreitete. Der Erzbischof und Kurfürst Diether von Mainz wurde vom Papste in Rom seiner Würde entsetzt und an seiner Stelle Adolph, Graf von Nassau, eingesetzt. Dies ließ sich Diether nicht gefallen. Er sammelte ein Heer und Adolph von Nassau that zu seinem Schutze Dasselbe. So entspann sich ein blutiger Krieg zwischen Beiden. Diether hatte die Bürger von Mainz zu seinen Anhängern und setzte sich in der Stadt Mainz fest. Adolph belagerte die Stadt und eroberte sie in einer nebligen Herbstnacht. Zwar vertheidigten sich die Bürger, aber sie mußten dem plötzlichen Ueberfall und der Uebermacht weichen. Adolphs Schaaren mordeten unbarmherzig, zündeten einen Theil der Stadt an und verführten ein greulich Wesen. In dieser schrecklichen Nacht traf denn auch den treulosen Fust die verdiente Strafe. Seine Druckerei mit allen Werkzeugen brannte nieder und es dauerte lange, ehe er wieder eine neue Druckerei eingerichtet hatte. Seine Gehülfen zogen fort und gründeten neuerdings an andern Orten Druckereien. Auch den armen Dulder Gutenberg traf das Unglück dieser sogenannten Mordnacht so schwer, daß er seine neuerrichtete Druckerei nicht mehr halten konnte. Er mußte sie wieder an Den als Eigenthum abtreten, der ihm das Geld vorgeschossen hatte, nämlich an den Dr. Humery in Mainz. Uebrigens schien es, als hätten sich wohlwollende Menschen seiner getreulich angenommen; denn eben dieser Dr. Humery, welchem nun die Druckerei eigenthümlich war, ließ ihm die Aufsicht über dieselbe, wie denn auch nahe
So viel ist gewiß, goldene Tage erlebte er nicht; wohlverdienten Lohn empfing er nicht; das Einzige, was ihm Freude im höheren Sinne bereiten konnte, war das, daß er der Welt die Pforte reicher Erkenntniß eröffnet hatte, und wir Alle, wenn wir uns am Worte Gottes in unsrer lieben Muttersprache oder sonst einem guten Buche erbauen, sollten den Mann segnen, der durch sein Nachdenken und seine Kunst das Mittel fand, uns dies Lesen möglich zu machen. Wahrhaftig, es thut einem leid, sagen zu müssen: er starb im Jahre 1469 arm und gebeugt durch das Mißgeschick, das ihn durch's ganze Leben begleitete. Verheirathet scheint er gewesen zu sein, aber Kinder hatte er nicht. In der alten Franziskanerkirche in Mainz wurde er begraben, wo ihm ein braver Anverwandter einen Denkstein setzte. Seines Stammes, nämlich der Gensfleische zum Gutenberg, war er der Letzte. Die undankbare Welt erkannte und dankte es lange Zeit dem großen Manne nicht, daß er ihr die Wege der Erkenntniß eröffnet hatte. Erst in unserer Zeit hat man es in Mainz erkannt, daß die Stadt es sich schuldig sei und ihrem größten Bürger, daß sie ihm ein Denkmal setze. Dies geschah denn mit großer Feierlichkeit am 14. August 1837, und wenn einer unserer Leser nach Mainz kommt, so versäume er ja nicht, das erzene Standbild Gutenberg's auf dem Platze nahe bei dem Dome, der auch Gutenbergsplatz heißt, zu besehen, aber auch dabei zu bedenken, daß dieser Mann ein Werkzeug Gottes war, dem menschlichen Geiste Bahnen des Erkennens und Wissens zu eröffnen, an die man vor ihm nicht dachte; daß wir Alle ihm zum dankbaren Andenken verpflichtet sind, weil all' unser Wissen, vom ABC-Buch bis zur Bibel, durch seine Kunst und Gottes Rath uns zu Theil geworden ist.
Die Mönche nannten im Anfang die edle Buchdruckerkunst eine höllische Erfindung, da sie ihnen eine Nahrungsquelle, nämlich das Bücherabschreiben, raubte; aber sie mochten auch wohl ahnen, daß nun die Zeit

2. Die Erfindung des Papiers.
Die älteste bekannte Art, das ägyptische Papier, ward aus der ägyptischen
Die Israeliten zu Davids Zeiten hatten aufgerollte Bücher von Thierhäuten und auch die Ionier in Kleinasien schrieben auf ungegerbte Hammel- und Ziegenfelle, von denen blos die Haare abgeschabt waren. In der Folge wurden dieselben mit Kalk gebeizt und geglättet und von der Stadt Pergamus in Kleinasien, wo man diese Kunst vervollkommnete,


3. Die Erfindung des Kompasses.
Die ganze Schifffahrt der alten Völker war fast nur Küstenschifffahrt; denn es fehlte ihnen ein sicherer Wegweiser durch die große Wasserwüste. Ihre einzigen Wegweiser waren die Sonne und die Sterne, aber diese wurden untreu, wenn Wolken und Finsterniß den Himmel bedeckten. Keinem fiel es ein, daß ein Stückchen schwarzes Eisen besser Bescheid am Himmel wissen könnte, als der Mensch selber, und daß man sich einem solchen Wegweiser auf den entferntesten Reisen in den unermeßlichen Ozean sicher anvertrauen könnte. Erst im Mittelalter, um das Jahr 1300, machte man diese Entdeckung, und ein Neapolitaner Flavio Gioja soll zuerst die Kräfte der

4. Erfindung des Schießpulvers.
Wie der Kompaß in die Getriebe des Handels, so griff die Erfindung des Schießpulvers in das Kriegswesen ein, und bewirkte eine große Veränderung der Stände und Kräfte des Volks. Die Chinesen geben sie für eine alte Erfindung ihres Volkes aus und wollen das Pulver schon vor 1600 Jahren gekannt haben. Von ihnen, meint man, sei es zu den Arabern gekommen, die sonst nach Indien handelten, und durch die Araber nach Europa. Die frühesten Spuren vom Gebrauch des Pulvers finden sich in Spanien, das die Araber 711 eroberten. Im zwölften Jahrhundert brauchte man Feuer und eine Art Pulver zur Sprengung
Gewöhnlich bezeichnet man einen Franziskaner-Mönch zu Freiburg in Baden, Namens
Anfangs wurden die neuen Kriegsmaschinen wenig im Felde gebraucht, denn sie galten für heimtückische Waffen, die sich für einen ehrlichen Kriegsmann nicht schickten. Besonders eiferten die

5. Die Erfindung der Uhren.
Auch diese auf das Leben wie auf die Wissenschaft höchst einflußreiche Erfindung fällt in das Mittelalter und erhielt erst in der neueren Zeit ihre hohe Vollendung. Man lernte bald an dem Stande der Sonne unterscheiden, ob der Tag wenig oder viel vorgerückt sei, und nach dem verschiedenen Schatten, den die Sonne nach ihrem Stande auf der Erde hervorbringt, lernte man auch früh
Da aber das Wasser noch viel Unbequemes hatte, weil es im Sommer durch die Wärme ausgedehnt und verdünnt wird, auch verdampft, im Winter aber leicht gefriert: so wählte man schon in frühen Zeiten statt des Wassers den Sand, der ja, wenn er recht trocken ist, auch leicht durch die Oeffnung des Gefäßes hindurchrieselt. Man that den Sand in zwei mit einander verbundene Spitzgläser, und war er aus dem oberen Glase abgelaufen, so kehrte man die ganze Sanduhr um. Das waren aber bloße
Diese Kraft fand man anfangs in
Doch waren alle diese Uhren noch unvollkommen, denn es fehlte ihnen das
Nun wurde aber noch ein großer Fortschritt gemacht zu den höchst künstlichen
Wenn man die genannten Erfindungen und eine Menge anderer, die von Deutschen ausgegangen sind, bedenkt, so steht Deutschland vor allen andern Ländern rühmlich da. Das tröstet wieder einigermaßen dafür, daß der deutsche Mensch seiner Unbehülflichkeit willen, und weil er
"
"Grube, August Wilhelm",Charakterbilder aus der Geschichte und Sage. Zweiter Theil: Das Mittelalter,"Charakterbilder aus der Geschichte und Sage,
Zehnte Auflage.
Leipzig:
Friedrich Brandstetter.
1865.
"
"Grube, August Wilhelm",Charakterbilder aus der Geschichte und Sage. Erster Theil: Die vorchristliche Zeit,"Charakterbilder aus der Geschichte und Sage,
Zehnte Auflage.
Leipzig:
Friedrich Brandstetter.
1865.

"
"Burckhardt, Jacob",Weltgeschichtliche Betrachtungen,"Die Aufgabe, die wir uns für diesen Kursus gestellt haben, besteht darin, eine Anzahl von geschichtlichen Beobachtungen und Erforschungen an einen halb zufälligen Gedankengang anzuknüpfen, wie ein andermal an einen andern.
Nach einer allgemeinen einleitenden Darlegung unserer Ansicht über dasjenige, was in den Kreis unserer Betrachtung gehört, werden wir von den drei großen Potenzen Staat, Religion und Kultur zu sprechen haben, dann zunächst deren dauernde und allmähliche Einwirkung aufeinander, besonders die des Bewegten (der Kultur) auf die beiden stabilen behandeln, weiterhin zur Betrachtung der beschleunigten Bewegungen des ganzen Weltprozesses übergehen, der Lehre von den Krisen und Revolutionen, auch von der sprungartigen zeitweisen Absorption aller anderen Bewegungen, dem Mitgären des ganzen übrigen Lebens, den Brüchen und Reaktionen, also zu dem, was man Sturmlehre nennen könnte, darauf von der Verdichtung des Weltgeschichtlichen, der Konzentration der Bewegungen in den großen Individuen sprechen, in welchen das Bisherige und das Neue zusammen als ihren Urhebern oder ihrem Hauptausdruck momentan und persönlich werden, und endlich in einem Abschnitt über Glück und Unglück in der Weltgeschichte unsere Objektivität gegen Übertragung des Wünschbaren in die Geschichte zu wahren suchen.
Wir wollen nicht eine Anleitung zum historischen Studium im gelehrten Sinne geben, sondern nur Winke zum Studium des Geschichtlichen in den verschiedenen Gebieten der geistigen Welt.
Wir verzichten ferner auf alles Systematische; wir machen keinen Anspruch auf »weltgeschichtliche Ideen«, sondern
Diese ist ein Kentaur, eine contradictio in adjecto; denn Geschichte, d. h. das Koordinieren, ist Nichtphilosophie und Philosophie, d.h. das Subordinieren, ist Nichtgeschichte. Die Philosophie aber, um uns zunächst mit ihr selbst auseinanderzusetzen, steht, wenn sie wirklich dem großen allgemeinen Lebensrätsel direkt auf den Leib geht, hoch über der Geschichte, welche im besten Falle dies Ziel nur mangelhaft und indirekt verfolgt.
Nur muß es eine wirkliche, d. h. voraussetzungslose Philosophie sein, welche mit eigenen Mitteln arbeitet. Denn die religiöse Lösung des Rätsels gehört einem besonderen Gebiet und einem besonderen inneren Vermögen des Menschen an.
Was nun die Eigenschaften der bisherigen Geschichtsphilosophie betrifft, so ging sie der Geschichte nach und gab Längendurchschnitte; sie verfuhr chronologisch. Sie suchte auf diese Weise zu einem allgemeinen Programm der Weltentwicklung durchzudringen, meist in höchst optimistischem Sinne.
So Hegel in seiner Philosophie der Geschichte. Er sagt (S. 12 f.), der einzige Gedanke, den die Philosophie mitbringe, sei der einfache Gedanke der Vernunft, der Gedanke, daß die Vernunft die Welt beherrsche, daß es also auch in der Weltgeschichte vernünftig zugegangen sei, und das Ergebnis der Weltgeschichte müsse (sic!) sein, daß sie der vernünftige, notwendige Gang des Weltgeistes gewesen sei, – was alles doch erst zu beweisen und nicht »mitzubringen« war. Er spricht (S. 18) von dem »von der ewigen
Wir sind aber nicht eingeweiht in die Zwecke der ewigen Weisheit und kennen sie nicht. Dieses kecke Antizipieren eines Weltplanes führt zu Irrtümern, weil es von irrigen Prämissen ausgeht.
Es ist aber überhaupt die Gefahr aller chronologisch angeordneten Geschichtsphilosophien, daß sie im günstigen Fall in Weltkulturgeschichten ausarten (in welchem abusiven Sinne man den Ausdruck Geschichtsphilosophie kann gelten lassen), sonst aber einen Weltplan zu verfolgen prätendieren und dabei, keiner Voraussetzungslosigkeit fähig, von Ideen gefärbt sind, welche die Philosophen seit dem dritten oder vierten Lebensjahr eingesogen haben.
Freilich ist nicht bloß bei Philosophen der Irrtum gang und gäbe: unsere Zeit sei die Erfüllung aller Zeit oder doch nahe daran und alles Dagewesene sei als auf uns berechnet zu betrachten, während es, samt uns, für sich, für das Vorhergegangene, für uns und für die Zukunft vorhanden war. Ihr besonderes Recht hat die religiöse Geschichtsübersicht, für die das große Vorbild Augustins Werk de civitate dei ist, das an der Spitze aller Theodiceen steht. Uns geht sie hier nichts an.
Auch andere Weltpotenzen mögen die Geschichte nach ihrer Art ausdeuten und ausbeuten, z. B. die Sozialisten mit ihren Geschichten des Volkes.
Unser Ausgangspunkt ist der vom einzigen bleibenden und für uns möglichen Zentrum, vom duldenden, strebenden und handelnden Menschen, wie er ist und immer war und sein wird; daher unsere Betrachtung gewissermaßen pathologisch sein wird.
Die Geschichtsphilosophen betrachten das Vergangene als Gegensatz und Vorstufe zu uns als Entwickelten; – wir betrachten das sich Wiederholende, Konstante, Typische als ein in uns Anklingendes und Verständliches.
Jene sind mit Spekulation über die Anfänge behaftet und müßten deshalb eigentlich auch von der Zukunft reden; wir können jene Lehren von den Anfängen entbehren, und die Lehre vom Ende ist nicht von uns zu verlangen.
Immerhin ist man dem Kentauren den höchsten Dank schuldig und begrüßt ihn gerne hie und da an einem Waldesrand der geschichtlichen Studien. Welches auch sein Prinzip gewesen, er hat einzelne mächtige Ausblicke durch den Wald gehauen und Salz in die Geschichte gebracht. Denken wir dabei nur an Herder.
Übrigens ist jede Methode bestreitbar und keine allgültig. Jedes betrachtende Individuum kommt auf seinen Wegen, die zugleich sein geistiger Lebensweg sein mögen, auf das riesige Thema zu und mag dann diesem Wege gemäß seine Methode bilden.
Da nun unsere Aufgabe insofern eine mäßige ist, als unser Gedankengang keine Ansprüche macht, ein systematischer zu sein, dürfen wir uns auch (heil uns!) beschränken. Wir dürfen und müssen nicht nur absehen von vermutlichen Urzuständen, von aller Betrachtung der Anfänge, sondern auch
Überall im Studium mag man mit den Anfängen beginnen, nur bei der Geschichte nicht. Unsere Bilder derselben sind meist doch bloße Konstruktionen, wie wir besonders bei Gelegenheit des Staates sehen werden, ja bloße Reflexe von uns selbst. Gering ist die Gültigkeit des Schlusses von Volk zu Volk oder von Rasse zu Rasse. Was wir als Anfänge glauben nachweisen zu können, sind ohnehin schon ganz späte Stadien. Das ägyptische Königtum des Menes z. B. deutet auf eine lange und große Vorgeschichte hin. Und nun sollten wir gar an Fragen wie die herantreten, welches die Menschheit der Pfahlbauten war? Wie schwer sehen wir in unsere Zeitgenossen und Nächsten und wie vollends in Menschen anderer Rassen usw.
Unumgänglich ist hier eine Erörterung über die große Gesamtaufgabe der Geschichte im allgemeinen, über das, was wir eigentlich sollten.
Da das Geistige wie das Materielle wandelbar ist und der Wechsel der Zeiten die Formen, welche das Gewand des äußeren wie des geistigen Lebens bilden, unaufhörlich mit sich rafft, ist das Thema der Geschichte überhaupt, daß sie
Denn der Geist hat Wandelbarkeit, aber nicht Vergänglichkeit.
Und neben der Wandelbarkeit steht die Vielheit, das Nebeneinander von Völkern und Kulturen, welche wesentlich als Gegensätze oder als Ergänzungen erscheinen. Man möchte sich eine riesige Geisteslandkarte auf der Basis einer unermeßlichen Ethnographie denken, welche Materielles und Geistiges zusammen umfassen müßte und allen Rassen, Völkern, Sitten und Religionen im Zusammenhang gerecht zu werden strebte. Obwohl dann auch in späten, abgeleiteten Perioden bisweilen ein scheinbares oder wirkliches Zusammenpulsieren der Menschheit eintritt, wie die religiöse Bewegung des VI. Jahrhunderts v. Chr. von China bis Jonien
Und nun das große durchgehende Hauptphänomen: Es entsteht eine geschichtliche Macht von höchster momentaner Berechtigung; irdische Lebensformen aller Art: Verfassungen, bevorrechtete Stände, eine tief mit dem ganzen Zeitlichen verflochtene Religion, ein großer Besitzstand, eine vollständige gesellschaftliche Sitte, eine bestimmte Rechtsanschauung entwickeln sich daraus oder hängen sich daran und halten sich mit der Zeit für Stützen dieser Macht, ja
Gegenüber von solchen geschichtlichen Mächten pflegt sich das zeitgenössische Individuum in völliger Ohnmacht zu fühlen; es fällt in der Regel der angreifenden oder der widerstrebenden Partei zum Dienst anheim. Wenige Zeitgenossen haben für sich einen archimedischen Punkt außerhalb der Vorgänge gewonnen und vermögen die Dinge »geistig zu überwinden« und vielleicht ist dabei die Satisfaktion nicht groß, und sie können sich eines elegischen Gefühls nicht erwehren, weil sie alle anderen in der Dienstbarkeit lassen müssen. Erst in späterer Zeit wird der Geist vollkommen frei über solcher Vergangenheit schweben.
Die Wirkung des Hauptphänomens ist das geschichtliche Leben, wie es tausendgestaltig, komplex, unter allen möglichen Verkappungen, frei und unfrei daherwogt, bald durch Massen, bald durch Individuen sprechend, bald optimistisch, bald pessimistisch gestimmt, Staaten, Religionen, Kulturen gründend und zerstörend, bald sich selbst ein dumpfes Rätsel, mehr von dunkeln Gefühlen, die durch die Phantasie vermittelt sind, als von Reflexionen geführt, bald von lauter Reflexion begleitet und dann wieder mit einzelnen Vorahnungen des viel später erst sich Erfüllenden.
Diesem ganzen Wesen, dem wir als Menschen einer bestimmten Zeit unvermeidlich unseren passiven Tribut bezahlen, müssen wir zugleich beschauend gegenübertreten.
Und nun gedenken wir auch der Größe unserer Verpflichtung gegen die Vergangenheit als ein-geistiges Kontinuum, welches mit zu unserem höchsten geistigen Besitz gehört; Alles, was im entferntesten zu dieser Kunde dienen kann, muß mit aller Anstrengung und Aufwand gesammelt werden, bis wir zur Rekonstruktion ganzer vergangener Geisteshorizonte gelangen. Das Verhältnis jedes Jahrhunderts zu diesem Erbe ist an sich schon Erkenntnis, d.h. etwas Neues, welches von der nächsten Generation wieder als etwas historisches Gewordenes, d. h. Überwundenes zum Erbe geschlagen werden wird.
Auf diesen Vorteil verzichten zunächst nur Barbaren, welche ihre Kulturhülle als eine gegebene nie durchbrechen. Ihre Barbarei ist ihre Geschichtslosigkeit und vice versa. Sie haben etwa Stammsagen und ein Bewußtsein des Kontrastes mit ihren Feinden, also historisch-ethnographische Anfänge. Allein das Tun bleibt rassenhaft unfrei; schon von der Gebundenheit der Sitte usw. durch Symbole kann erst das Wissen von einer Vergangenheit frei machen.
Und sodann verzichten auf das Geschichtliche noch Amerikaner, d. h. ungeschichtliche Bildungsmenschen, welche es dann doch von der alten Welt her nicht ganz los werden. Es hängt ihnen alsdann unfrei, als Trödel an. Dahin gehören die Wappen der Newyorker Reichen, die absurdesten Formen der kalvinistischen Religion, der Geisterspuk usw., zu welchem allem aus der bunten Einwanderung noch die Bildung eines neuamerikanischen leiblichen Typus von zweifelhafter Art und Dauerhaftigkeit kommt.
Unser Geist ist aber zu dieser Aufgabe in hohem Grade von der Natur ausgerüstet.
Der Geist ist die Kraft, jedes Zeitliche ideal aufzufassen.
Unser Auge ist sonnenhaft, sonst sähe es die Sonne nicht.
Wie weit ist nun das Resultat Skeptizismus? Gewiß hat der wahre Skeptizismus seine Stellung in einer Welt, wo Anfänge und Ende unbekannt sind und die Mitte in beständiger Bewegung ist; denn die Aufbesserung von seiten der Religion bleibt hier auf sich beruhen.
Vom unechten läuft zu gewissen Zeiten die Welt ohnehin voll, und wir sind nicht daran schuld; bisweilen kommt er dann plötzlich aus der Mode. Vom echten könnte man nie genug haben.
Das Wahre, Gute, Schöne, braucht bei unserer Betrachtung, richtig gefaßt, keine Not zu leiden. Das Wahre und Gute ist mannigfach zeitlich gefärbt und bedingt; auch z. B. das Gewissen ist zeitlich bedingt; aber die Hingebung, zumal die mit Gefahren und Opfern verbundene, an das zeitlich bedingte Wahre und Gute ist etwas unbedingt Herrliches. Das Schöne freilich könnte über die Zeiten und ihren Wechsel erhaben sein, bildet überhaupt eine Welt für sich. Homer und Phidias sind noch schön, während das Wahre und Gute jener Zeit nicht mehr ganz das unserige ist.
Unsere Kontemplation ist aber nicht nur ein Recht und eine Pflicht, sondern zugleich ein hohes Bedürfnis; sie ist unsere Freiheit mitten im Bewußtsein der enormen allgemeinen Gebundenheit und des Stromes der Notwendigkeiten.
Aber freilich kommen wir auf das Bewußtsein der allgemeinen und individuellen Mängel unseres Erkenntnisvermögens und der sonstigen Gefahren, wodurch die Erkenntnis bedroht ist, oft zurück.
Vor allem müssen wir das Verhältnis der beiden Pole Erkenntnis und Absichten bedenken. Schon in der geschichtlichen Aufzeichnung begegnet unser Verlangen nach Erkenntnis oft einer dichten Hecke von Absichten, welche sich im Gewand von Überlieferungen zu geben suchen. Außerdem aber können wir uns von den Absichten unserer eigenen Zeit und Persönlichkeit nie ganz losmachen, und dies ist vielleicht der schlimmere Feind der Erkenntnis. Die deutlichste Probe hiefür ist: Sobald die Geschichte sich unserem Jahrhundert und unserer werten Person nähert, finden wir alles viel »interessanter«, während eigentlich nur wir »interessierter« sind.
Dazu kommt das Dunkel der Zukunft in den Schicksalen der Einzelnen und des Ganzen, in welches Dunkel wir dennoch beständig die Blicke richten, und in welches die zahllosen Fäden der Vergangenheit hineinreichen, deutlich und für unsere Ahnung evident, aber ohne daß wir sie verfolgen können.
Wenn die Geschichte uns irgendwie das große und schwere Rätsel des Lebens auch nur geringstenteils soll lösen helfen, so müssen wir wieder aus den Regionen des individuellen und zeitlichen Bangens zurück in eine Gegend, wo unser Blick nicht sofort egoistisch getrübt ist. Vielleicht ergibt sich aus der ruhigeren Betrachtung aus größerer Ferne ein Anfang der wahren Sachlage unseres Erdentreibens, und
Besonders gerne verkappen sich aber die Absichten auch als Patriotismus, so daß die wahre Erkenntnis in der Beschränkung auf die Geschichte der Heimat ihre Hauptkonkurrenz findet.
Wohl gibt es Dinge, worin die heimatliche Geschichte für jeden ihre ewigen Vorzüge haben wird, und sich mit ihr zu beschäftigen, ist eine wahre Pflicht.
Allein sie würde als Korrektiv ein großes anderes Studium bedürfen, wäre es auch nur, weil sie in so hohem Grade mit unseren Wünschen und Befürchtungen verflochten ist, weil wir bei ihr unaufhörlich gestimmt sind, von der Seite der Erkenntnis auf die Seite der Absichten hinüberzuneigen. Ihre anscheinend so viel größere Verständlichkeit beruht zum Teil auf einer optischen Täuschung, nämlich auf unserem viel nachdrücklicheren Entgegenkommen, welches mit großer Blindheit geschehen kann.
Der Patriotismus, den wir dabei zu entwickeln glauben, ist oft nur ein Hochmut gegenüber von anderen Völkern und schon deshalb außerhalb des Pfades der Wahrheit, oft aber gar nur eine Art der Parteisucht innerhalb des eigenen vaterländischen Kreises, ja er besteht oft nur im Wehetun gegen andere. Die Geschichte dieser Art ist Publizistik.
Neben heftigen Feststellungen metaphysischer Begriffe, heftigen Definitionen des Guten und Rechten, wobei, was außerhalb liegt, Hochverrat ist, kann ein Fortleben im ordinärsten Philisterleben und Erwerbtreiben bestehen.
Es gibt aber neben dem blinden Lobpreisen der Heimat eine
Vollends im Reiche des Gedankens gehen alle Schlagbäume billig in die Höhe. Es ist des Höchsten nicht so viel über die Erde zerstreut, daß heute ein Volk sagen könnte, wir genügen uns vollständig, oder auch nur: wir bevorzugen das Einheimische, hält man es doch nicht einmal wegen der Industrieprodukte so, sondern greift bei gleicher Qualität, Zoll und Transport mitberechnet, einfach nach dem Wohlfeilern oder bei gleichen Preisen nach dem Besseren. Im geistigen Gebiet muß man einfach nach dem Höheren und Höchsten greifen, das man erreichen kann.
Das wahrste Studium der vaterländischen Geschichte wird dasjenige sein, welches die Heimat in Parallele und Zusammenhang mit dem Weltgeschichtlichen und seinen Gesetzen betrachtet, als Teil des großen Weltganzen, bestrahlt von denselben Gestirnen, die auch anderen Zeiten und Völkern geleuchtet haben, und bedroht von denselben Abgründen und einst heimfallend derselben ewigen Nacht und demselben Fortleben in der großen allgemeinen Überlieferung. Schließlich wird durch das Streben nach reiner Erkenntnis auch die Eliminierung oder Beschränkung der Begriffe Glück und Unglück für die Weltgeschichte notwendig. Die Darlegung, weshalb dies zu geschehen hat, möge dem letzten Kapitel dieses Kursus vorbehalten bleiben; hier aber möge nun zunächst auch von der diesen Mängeln und Gefahren gegenüberstehenden speziellen Befähigung unserer Zeit zum Studium des Geschichtlichen gesprochen werden.
"
"Delitzsch, Friedrich",Handel und Wandel in Altbabylonien,"
Alle Rechte vorbehalten

Mit 30 Abbildungen
Erstes bis fünftes Tausend
Stuttgart
Deutsche Verlags-Anstalt
1910
"
"Carter, Howard",Das Grab des Tut-ench-Amun,"
"
"Servaes, Franz",Jahr der Wandlung,"
Friedr. Vieweg & Sohn, Braunschweig
1935



Der Jugendspenderin und hilfreichen Gefährtin



"
"Ranke, Leopold von",Vom Einfluß der Theorie,
"Ranke, Leopold von",Über die Verwandtschaft und den Unterschied der Historie und der Politik,
"Ranke, Leopold von",Über die Epochen der neueren Geschichte,"Zum Behufe der gegenwärtigen Vorträge ist es vor allem nötig, sich über zweierlei zu verständigen: erstens über den Ausgangspunkt, den man dabei zu nehmen haben wird; zweitens über die Hauptbegriffe.
Was den Ausgangspunkt betrifft, so würde es uns für den vorliegenden Zweck viel zu weit führen, wenn wir uns mit der Anschauung in ganz entfernte Zeiten, in ganz abgelegene Zustände versetzen wollten, welche zwar immer noch einen Einfluß auf die Gegenwart ausüben, aber nur einen indirekten. Wir werden also, um uns nicht ins rein Historische zu verlieren, von der römischen Zeit ausgehen, in welcher eine Kombination der verschiedensten Momente zu finden ist.
Hiernächst haben wir uns zu verständigen: erstens über den Begriff des Fortschritts im allgemeinen; zweitens über das, was man im Zusammenhang damit unter »leitenden Ideen« zu verstehen habe.
Wollte man mit manchem Philosophen annehmen, daß die ganze Menschheit sich von einem gegebenen Urzustande zu einem positiven Ziel fortentwickelte, so könnte man sich dieses auf zweierlei Weise vorstellen: entweder, daß ein allgemein leitender Wille die Entwicklung des Menschengeschlechts von
Auch historisch aber sind diese Ansichten nicht nachweisbar; denn fürs erste findet sich der größte Teil der Menschheit noch im Urzustande, im Ausgangspunkte selbst; und dann fragt es sich: was ist Fortschritt? Wo ist der Fortschritt der Menschheit zu bemerken? – Es gibt Elemente der großen historischen Entwicklung, die sich in der römischen und germanischen Nation fixiert haben; hier gibt es allerdings eine von Stufe zu Stufe sich entwickelnde geistige Macht. Ja es ist in der ganzen Geschichte eine gleichsam historische Macht des menschlichen Geistes nicht zu verkennen; das ist eine in der Urzeit gegründete Bewegung, die sich mit einer gewissen Stetigkeit fortsetzt. Allein es gibt in der Menschheit überhaupt doch nur ein System von Bevölkerungen, welche an dieser allgemein historischen Bewegung teilnehmen, dagegen andre, die davon ausgeschlossen sind. Wir können aber im allgemeinen auch die in der historischen Bewegung begriffenen Nationalitäten nicht als im stetigen Fortschritt befindlich ansehen. Wenden wir z.B. unser Augenmerk auf Asien, so sehen wir, daß dort die Kultur entsprungen ist, und daß dieser Weltteil mehrere Kulturepochen gehabt hat. Allein dort ist die Bewegung im ganzen eher eine rückgängige gewesen; denn die älteste Epoche der asiatischen Kultur war die blühendste; die zweite und dritte Epoche, in welcher das
Fürs zweite ist hiebei ein andrer Irrtum zu vermeiden, nämlich der, als ob die fortschreitende Entwicklung der Jahrhunderte zu gleicher Zeit alle Zweige des menschlichen Wesens und Könnens umfaßte. Die Geschichte zeigt uns, um beispielsweise nur ein Moment hervorzuheben, daß in der neueren Zeit die Kunst im 15. und in der ersten Hälfte des 16. Jahrhunderts am meisten geblüht hat; dagegen ist sie am Ende des 17. und in den ersten drei Vierteilen des 18. Jahrhunderts am meisten heruntergekommen. Geradeso verhält es sich mit der Poesie: auch hier sind es nur Momente, wo diese Kunst wirklich hervortritt; es zeigt sich jedoch nicht, daß sich dieselbe im Laufe der Jahrhunderte zu einer höheren Potenz steigert.
Wenn wir somit ein geographisches Entwicklungsgesetz ausschließen, wenn wir andrerseits annehmen müssen, wie uns die Geschichte lehrt, daß Völker zugrunde gehen können, bei denen die begonnene Entwicklung nicht stetig alles umfaßt, so werden wir besser erkennen, worin die fortdauernde Bewegung der Menschheit wirklich besteht. Sie beruht darauf, daß die großen geistigen Tendenzen, welche die Menschheit beherrschen, sich bald auseinander erheben, bald aneinander reihen. In diesen Tendenzen ist aber immer eine bestimmte partikuläre Richtung, welche vorwiegt und bewirkt, daß die übrigen zurücktreten.
So war z. B. in der zweiten Hälfte des 16. Jahrhunderts das religiöse Element so überwiegend, daß das literarische vor demselben zurücktrat. Im 18. Jahrhundert hingegen gewann das Utilisierungsbestreben
Wollte man aber im Widerspruch mit der hier geäußerten Ansicht annehmen, dieser Fortschritt bestehe darin, daß in jeder Epoche das Leben der Menschheit sich höher potenziert, daß also jede Generation die vorhergehende vollkommen übertreffe, mithin die letzte allemal die bevorzugte, die vorhergehenden aber nur die Träger der nachfolgenden wären, so würde das eine Ungerechtigkeit der Gottheit sein. Eine solche gleichsam mediatisierte
Der Historiker hat also ein Hauptaugenmerk erstens darauf zu richten, wie die Menschen in einer bestimmten Periode gedacht und gelebt haben; dann findet er, daß, abgesehen von gewissen unwandelbaren ewigen Hauptideen, z.B. den moralischen, jede Epoche ihre besondere Tendenz und ihr eigenes Ideal hat. Wenn nun aber auch jede Epoche an und für sich ihre Berechtigung und ihren Wert hat, so darf doch nicht übersehen werden, was aus ihr hervorging. Der Historiker hat also fürs zweite auch den Unterschied zwischen den einzelnen Epochen wahrzunehmen, um die innere Notwendigkeit der Aufeinanderfolge zu betrachten. Ein gewisser Fortschritt ist hiebei nicht zu verkennen; aber ich möchte nicht behaupten, daß sich derselbe in einer geraden Linie bewegt; sondern mehr wie ein Strom, der sich auf seine eigne Weise den Weg bahnt. Die Gottheit – wenn ich diese Bemerkung wagen darf denke ich mir so, daß sie, da ja keine Zeit vor ihr liegt, die ganze historische Menschheit in ihrer Gesamtheit überschaut und überall gleichwert findet. Die Idee von der Erziehung des Menschengeschlechts hat allerdings etwas Wahres an sich; aber vor Gott erscheinen alle Generationen der Menschheit gleichberechtigt, und so muß auch der Historiker die Sache ansehen.
Ein unbedingter Fortschritt, eine höchst entschiedene Steigerung ist anzunehmen, soweit wir die Geschichte verfolgen können, im Bereiche der materiellen Interessen, in welchen auch ohne eine ganz ungeheure Umwälzung ein Rückschritt kaum wird stattfinden können; in moralischer Hinsicht aber läßt sich der Fortschritt nicht verfolgen. Die moralischen Ideen können freilich extensiv fortschreiten; und so kann man auch in geistiger Hinsicht behaupten, daß z.B. die großen Werke, welche die Kunst und Literatur hervorgebracht, heutzutage von einer größeren Menge genossen werden, als früher; aber es wäre
Die Philosophen, namentlich aber die Hegelsche Schule hat hierüber gewisse Ideen aufgestellt, wonach die Geschichte der Menschheit wie ein logischer Prozeß in Satz, Gegensatz, Vermittlung, in Positivem und Negativem sich abspinne. In der Scholastik aber geht das Leben unter, und so würde auch diese Anschauung von der Geschichte, dieser Prozeß des sich selbst nach verschiedenen logischen Kategorien entwickelnden Geistes auf das zurückführen, was wir oben bereits verwarfen. Nach dieser Ansicht würde bloß die Idee ein selbständiges Leben haben; alle Menschen aber wären bloße Schatten oder Schemen, welche sich mit der Idee erfüllten. Der Lehre, wonach der Weltgeist die Dinge gleichsam durch Betrug hervorbringt und sich der menschlichen Leidenschaften bedient, um seine Zwecke zu erreichen, liegt eine höchst unwürdige Vorstellung von Gott und der Menschheit zugrunde; sie kann auch konsequent nur zum Pantheismus führen; die Menschheit ist dann der werdende Gott, der sich durch einen geistigen Prozeß, der in seiner Natur liegt, selbst gebiert.
Ich kann also unter leitenden Ideen nichts andres verstehen, als daß sie die herrschenden Tendenzen in jedem Jahrhundert sind. Diese Tendenzen können indessen nur beschrieben, nicht aber in letzter Instanz in einem Begriff summiert werden; sonst würden wir auf das oben Verworfene neuerdings zurückkommen.
Der Historiker hat nun die großen Tendenzen der Jahrhunderte auseinanderzunehmen und die große Geschichte der Menschheit
Sie haben oben vom moralischen Fortschritt gesprochen; haben Sie dabei auch den inneren Fortschritt des einzelnen im Auge gehabt?
Nein, sondern nur den Fortschritt des menschlichen Geschlechts; das Individuum hingegen muß sich immer zu einer höheren moralischen Stufe erheben.
Da aber die Menschheit aus Individuen zusammengesetzt ist, so fragt es sich, ob, wenn das Individuum zu einer höheren moralischen Stufe sich erhebt, dieser Fortschritt nicht auch die ganze Menschheit umfassen wird.
Das Individuum stirbt; es hat ein endliches Dasein; die Menschheit dagegen ein unendliches. In materiellen Dingen nehme ich einen Fortschritt an, weil hier eins aus dem andern hervorgeht; anders in moralischer Beziehung. Ich glaube, daß in jeder Generation die wirkliche moralische Größe der in jeder andern gleich ist, und daß es in der moralischen Größe gar keine höhere Potenz gibt; wie wir denn z. B. die moralische Größe der alten Welt gar nicht übertreffen können. Es kommt in der geistigen Welt sogar häufig vor, daß die intensive Größe zu der extensiven in umgekehrtem Verhältnis steht; man vergleiche unsre heutige Literatur mit der klassischen.
Sollte man aber nicht doch annehmen dürfen, daß die Vorsehung, unbeschadet der freien Selbstbestimmung
Dies ist eine kosmopolitische Hypothese, die man aber nicht historisch nachweisen kann. Wir haben hiefür zwar den Ausspruch der Heiligen Schrift, wonach einst nur ein Hirt und eine Herde sein wird; aber bis jetzt hat sich dieses noch nicht als der herrschende Gang der Weltgeschichte ausgewiesen. Dafür dient zum Beweise die Geschichte Asiens, welches nach Perioden der größten Blüte wieder in die Barbarei zurückgefallen ist.
Ist nicht aber doch jetzt eine größere Anzahl von Individuen zu einer höheren moralischen Entwicklung gediehen, als früher?
Ich gebe das zu, aber nicht prinzipgemäß; denn die Geschichte lehrt uns, daß manche Völker gar nicht kulturfähig sind, und daß oft frühere Epochen viel moralischer waren, als spätere. Frankreich in der Mitte des 17. Jahrhunderts z. B. war viel moralischer und gebildeter, als zu Ende des 18. Jahrhunderts. Wie gesagt, eine größere Expansion der moralischen Ideen läßt sich behaupten, aber nur in bestimmten Kreisen. Vom allgemein menschlichen Standpunkt aus ist es mir wahrscheinlich, daß die Idee der Menschheit, die historisch nur in den großen Nationen repräsentiert ist, allmählich die ganze Menschheit umfassen sollte, und dies wäre dann der innere moralische Fortschritt. Die Historie opponiert sich dieser Anschauung nicht, weist sie aber nicht nach. Insbesondere müssen wir uns hüten, diese Anschauung zum Prinzip der Geschichte zu machen.
Unsere Aufgabe ist, uns bloß an das Objekt zu halten.
"
"Ranke, Leopold von",Politisches Gespräch,
"Ranke, Leopold von",Geschichte und Philosophie,
"Zernatto, Guido",Die Wahrheit über Österreich,"Guido Zernatto

1939
Longmans, Green and Co. Alliance book corporation New York-Toronto
Fünfte bis sechste Auflage
Alle Rechte vorbehalten
copyright 1938 by Guido Zernatto, Paris





"
"Wachholtz, Friedrich Ludwig von",Unter der Fahne des schwarzen Herzogs anno 1809,"

"
Verschiedene Autoren,Die Zerstörung Magdeburgs 1631,"Eine Darstellung der historischen Begebenheiten nach Otto von Guerickes Handschrift und nach urkundlichen Quellen, von Friedrich Wilhelm Hoffmann, sowie die Berichte von der Errettung des Predigers Christoph Thodänus, des Oberstadtschreibers Daniel Friese und eines dem Namen nach unbekannten magdeburgischen Bürgers und Konstablers
Mit Federzeichnungen von Heinrich Kley
26tes bis 35tes Tausend
1922

Grün 7
Verlegt bei Hermann Schaffstein in Köln am Rhein




"
"Schwarz, Georg",Kohlenpott 1931,"Kohlenpott: das ist ein Begriff geworden. Dieses harte Wort aus der Kumpelsprache umreißt scharf und klar ein Stück Land, das unzähligen Menschen Schicksal bedeutet: die industrielle Zone im Westen Deutschlands.
Kohlenpott: das ist ein Land, das eine Stadt ist, das sind vier Millionen Menschen, die hier arbeiten, in der Grube, in den Walzwerken, an den Hochöfen, in den Gießereien. Dreihunderttausend, die täglich unten im Pütt auf ihren Bäuchen liegen und den nackten Leib gegen die fauchenden Abbauhämmer stemmen, immer im schärfsten Hetztempo, weil die Höhe des Lohnes von der Menge der gewonnenen Kohlen abhängt. Eine Kumpelarmee, die täglich den Krieg mit der grollenden Natur des Berges führt, die sich täglich gegen die vom Bergherren über sie gesetzten Aufseher verteidigen muß, die für wenig Geld täglich ihre gesunden Knochen bei einem Steinfall aus dem Hangenden oder auch gleich das Leben riskiert, wenn ein giftiger Brand durch die unterirdischen Strecken loht, oder wenn ein Seil am Förderkorb reißt, oder wenn ein Stollen einkracht, oder wenn eine Sohle jäh versäuft.
Zweihunderttausend Metallarbeiter arbeiten im Kohlenpott, Leute, die vor den Hochöfen stehen, in denen die Eisensuppe kocht, Schmelzer an den Bessemerbirnen und Martinöfen, in denen sich das Roheisen in Stahl verwandelt, Drahtzieher in den Walzwerken, die mit glühenden Eisendrähten jonglieren, als wären es harmlose Zwirnsfäden, Arbeiter in den Walzenstraßen, die die heißen Stahlblöcke auseinanderziehen zu Stahlschienen, auf denen die Züge fahren werden, um von Stadt zu Stadt die Verbindung über den Erdball zu schlagen.

Täglich fahren Reisende durchs Revier. Sie sehen eine phantastische, fremdartige Welt. Und weil sie ihnen fremd ist, verstehen sie sie falsch, sehen sie nur das Äußere, die Kulisse: Von Hamm bis Duisburg eine einzige mechanisierte eisenklirrende Welt, dicht bestanden von gigantischen Maschinen, aus denen lohende Feuer in die grauen Rauchschleier schlagen. Die durchreisenden Reporter schmecken dabei ordentlich den Ruß auf der Zunge und lassen ihn genießerisch wie eine Prise Kaviar zergehen. Das ist kerniger als das Nuttenparfüm Berliner Ballsäle. Es füllt die Zeilen, die Ästhetik der Industriebauten zu preisen, und es spart einem die Mühe, langweilige Zahlen von Arbeitslöhnen, Abschreibungen und Dividenden zu vergleichen. So entdeckt man das technische Wunderland an der Ruhr, aber keine soziale Not. So schreibt man vom Herzen der deutschen Wirtschaft, ohne den Schlag dieses Herzens zu kennen. Daß man einmal flüchtig seinen Puls fühlte, genügt noch nicht, den mächtigen Blutkreislauf zu erfassen. So kommt es zu verzückten und pathetischen, arroganten und snobistischen Berichten, während es doch gerade im Kohlenpott auf ganz andere Maßstäbe ankommt. Schauen wir uns deshalb dieses Land und seine Menschen einmal von einer andern Seite an.
"
"Ruppersberg, Albert",Geschichte der Gemeinde und Bürgermeisterei Dudweiler,"
*

1923


"
"Puttkamer, Alberta von",Die Aera Manteuffel,"unter Mitwirkung von Staatssekretär a. D.
Stuttgart und Leipzig

"
"Polenz, Wilhelm von",Das Land der Zukunft,"

F. Fontane & Co.



"
