from,url,text
https://www.hessen.de/presse/interviews-beitraege-8,https://soundcloud.com/user-614482194/folge-22-fehler-im-bildungssystem-mit-alexander-lorz,Mehr
https://www.hessen.de/presse/interviews-beitraege/archiv-interviews-beitraege-1,http://www.deutschlandfunk.de/erdogans-nazi-vergleich-das-ist-die-rote-linie-jetzt.694.de.html?dram%3Aarticle_id=381805,Das Interview zum Nachhören
https://www.hessen.de/presse/pressestelle/hessische-staatskanzlei-0,https://maps.google.com/maps?daddr=Georg-August-Zinn-Stra%C3%9Fe%201%2C%20Hessische%20Staatskanzlei%2C%2065183%20Wiesbaden%2C%20Deutschland,Routenplaner
https://www.hessen.de/presse/pressestelle/hessische-staatskanzlei-0,https://maps.google.com/maps?q=Georg-August-Zinn-Stra%C3%9Fe%201%2C%20Hessische%20Staatskanzlei%2C%2065183%20Wiesbaden%2C%20Deutschland,
https://www.hessen.de/presse/pressemitteilung/kommunale-klimamassnahmen-aus-corona-sondervermoegen-gefoerdert,https://klima-kommunen.hessen-nachhaltig.de/de/,Zum Wettbewerb
https://www.hessen.de/presse/interviews-beitraege/archiv-interviews-beitraege-1?page=5,http://www.deutschlandfunk.de/erdogans-nazi-vergleich-das-ist-die-rote-linie-jetzt.694.de.html?dram%3Aarticle_id=381805,Das Interview zum Nachhören
https://www.hessen.de/presse/pressestelle/hessisches-ministerium-fuer-umwelt-klimaschutz-landwirtschaft-und-0,https://maps.google.com/maps?daddr=Mainzer%20Stra%C3%9Fe%2080%2C%2065189%20Wiesbaden%2C%20Deutschland,Routenplaner
https://www.hessen.de/presse/pressestelle/hessisches-ministerium-fuer-umwelt-klimaschutz-landwirtschaft-und-0,https://maps.google.com/maps?q=Mainzer%20Stra%C3%9Fe%2080%2C%2065189%20Wiesbaden%2C%20Deutschland,
https://www.hessen.de/presse/interviews-beitraege/archiv-interviews-beitraege-1?page=2,http://www.deutschlandfunk.de/erdogans-nazi-vergleich-das-ist-die-rote-linie-jetzt.694.de.html?dram%3Aarticle_id=381805,Das Interview zum Nachhören
https://www.hessen.de/presse/interviews-beitraege/archiv-interviews-beitraege-1?page=1,http://www.deutschlandfunk.de/erdogans-nazi-vergleich-das-ist-die-rote-linie-jetzt.694.de.html?dram%3Aarticle_id=381805,Das Interview zum Nachhören
https://www.hessen.de/presse/interviews-beitraege/archiv-interviews-beitraege-1?page=3,http://www.deutschlandfunk.de/erdogans-nazi-vergleich-das-ist-die-rote-linie-jetzt.694.de.html?dram%3Aarticle_id=381805,Das Interview zum Nachhören
https://www.hessen.de/presse/pressestelle/hessisches-ministerium-der-finanzen-0,https://maps.google.com/maps?daddr=Friedrich-Ebert-Allee%208%2C%2065185%20Wiesbaden%2C%20Deutschland,Routenplaner
https://www.hessen.de/presse/pressestelle/hessisches-ministerium-der-finanzen-0,https://maps.google.com/maps?q=Friedrich-Ebert-Allee%208%2C%2065185%20Wiesbaden%2C%20Deutschland,
https://www.hessen.de/presse/pressestelle/hessisches-kultusministerium-0,https://maps.google.com/maps?daddr=Luisenplatz%2010%2C%2065185%20Wiesbaden%2C%20Deutschland,Routenplaner
https://www.hessen.de/presse/pressestelle/hessisches-kultusministerium-0,https://maps.google.com/maps?q=Luisenplatz%2010%2C%2065185%20Wiesbaden%2C%20Deutschland,
https://www.hessen.de/presse/infomaterial/11/besonders-sparsame-haushaltsgeraete-2020,http://www.spargeraete.de,www.spargeraete.de
https://www.hessen.de/,https://www.hessen-helfen.de/,Wir.Gemeinsam.Zusammen
https://www.hessen.de/,http://www.weltapfelweintag.de/,03.06.Welt-Apfelwein-Tag
https://www.hessen.de/presse/infomaterial/11/biotech-hessen-zweisprachig,https://www.technologieland-hessen.de/biotechnologie,Technologieland Hessen
https://www.hessen.de/presse/infomaterial/11/competence-atlas-hessen-biotech,https://www.technologieland-hessen.de/biotechnologie,Technologieland Hessen
https://www.hessen.de/presse/infomaterial/11/nanotechnologie-und-medizin,https://www.technologieland-hessen.de/biotechnologie,Technologieland Hessen
https://www.hessen.de/presse/infomaterial/11/diagnostik-industrie-hessen,https://www.technologieland-hessen.de/biotechnologie,Technologieland Hessen
https://www.hessen.de/presse/infomaterial/11/brennstoffzellen-im-oeffentlichen-personennahverkehr,https://www.h2bz-hessen.de,www.h2bz-hessen.de
https://www.hessen.de/presse/infomaterial/7/informationsheft-lohnsteuer-2015,http://www.bundesfinanzministerium.de/Web/DE/Home/home.html,www.bundesfinanzministerium.de
https://www.hessen.de/presse/infomaterial/7/informationsheft-lohnsteuer-2015,https://www.elster.de/eportal/start,www.elster.de
https://www.hessen.de/presse/infomaterial/7/informationsheft-lohnsteuer-2015,http://www.steuerliches-info-center.de/DE/FinanzverwaltungDerLaender/finanzverwaltungderlaender_node.html,www.finanzamt.de
https://www.hessen.de/presse/infomaterial/11/die-ikt-branche-hessen,https://www.digitalstrategie-hessen.de/mediathek,Digitales Hessen in der Mediathek
https://www.hessen.de/presse/infomaterial/11/additive-fertigung,https://www.technologieland-hessen.de/publikationen,Technologieland Hessen
https://www.hessen.de/presse/infomaterial/11/breitband-marketing-leitfaden,https://www.breitband-in-hessen.de/start,www.breitband-in-hessen.de
https://www.hessen.de/presse/infomaterial/11/medizintechnik-hessen,https://www.technologieland-hessen.de/biotechnologie,Technologieland Hessen
https://www.hessen.de/presse/infomaterial/11/kompetenzatlas-abfall-competence-atlas-waste,https://www.technologieland-hessen.de/publikationen,Technologieland Hessen.
https://www.hessen.de/presse/infomaterial/11/kompetenzatlas-wasser-competence-atlas-water,https://www.technologieland-hessen.de/publikationen,https://www.technologieland-hessen.de/publikationen
https://www.hessen.de/presse/infomaterial/7/informationsheft-lohnsteuer-2016,http://www.bundesfinanzministerium.de/Web/DE/Home/home.html,www.bundesfinanzministerium.de
https://www.hessen.de/presse/infomaterial/7/informationsheft-lohnsteuer-2016,https://www.elster.de/eportal/start,www.elster.de
https://www.hessen.de/presse/infomaterial/7/informationsheft-lohnsteuer-2016,http://www.steuerliches-info-center.de/DE/FinanzverwaltungDerLaender/finanzverwaltungderlaender_node.html,www.finanzamt.de
https://www.hessen.de/presse/infomaterial/11/wasserstoff-und-brennstoffzellen,https://www.h2bz-hessen.de/publikationen,www.h2bz-hessen.de
https://www.hessen.de/presse/infomaterial/11/wasserstoff-tankstellen,https://www.h2bz-hessen.de/publikationen,www.h2bz-hessen.de
https://www.hessen.de/presse/infomaterial/11/flurfoerderzeuge-mit-brennstoffzellen,https://www.h2bz-hessen.de,H
https://www.hessen.de/presse/infomaterial/11/flurfoerderzeuge-mit-brennstoffzellen,https://www.h2bz-hessen.de/publikationen,2Bz-Initiative Hessen
https://www.hessen.de/presse/infomaterial/9/berufswahlpass,http://berufswahlpass.de/bezugsquellen/hessen/,Website der Bundesarbeitsgemeinschaft Berufswahlpass
https://www.hessen.de/presse/infomaterial/11/wasserstoff-und-brennstoffzellen-0,https://www.h2bz-hessen.de/publikationen,www.h2bz-hessen.de
https://www.hessen.de/presse/infomaterial/11/praxisleitfaden-energieeffizienz-der-produktion,https://www.technologieland-hessen.de,Technologieland Hessen
https://www.hessen.de/presse/infomaterial/13/die-juleica-hessen,http://www.juleica.de/,Online-Plattform der Jugendarbeit
